{
  "vs_random": [
    0.9333333333333333,
    0.0,
    0.06666666666666667
  ],
  "vs_heuristic": [
    0.6333333333333333,
    0.03333333333333333,
    0.3333333333333333
  ]
}